Finding ID,CVSS Vector,Base Score,Severity,AV,AC,PR,UI,S,C,I,A,E,RL,RC
RT-2026-001,CVSS:3.1/AV:N/AC:L/PR:L/UI:N/S:U/C:H/I:H/A:H,8.8,High,N,L,L,N,U,H,H,H,X,X,X
RT-2026-002,CVSS:3.1/AV:N/AC:L/PR:L/UI:N/S:U/C:H/I:N/A:N,6.5,Medium,N,L,L,N,U,H,N,N,X,X,X
RT-2026-003,CVSS:3.1/AV:N/AC:L/PR:L/UI:N/S:C/C:H/I:L/A:N,7.9,High,N,L,L,N,C,H,L,N,X,X,X
RT-2026-004,CVSS:3.1/AV:N/AC:H/PR:N/UI:R/S:U/C:H/I:N/A:N,5.3,Medium,N,H,N,R,U,H,N,N,X,X,X
RT-2026-005,CVSS:3.1/AV:N/AC:L/PR:L/UI:N/S:C/C:H/I:H/A:H,9.2,Critical,N,L,L,N,C,H,H,H,X,X,X
RT-2026-006,CVSS:3.1/AV:N/AC:L/PR:N/UI:N/S:C/C:H/I:H/A:H,10.0,Critical,N,L,N,N,C,H,H,H,X,X,X
RT-2026-007,CVSS:3.1/AV:N/AC:L/PR:N/UI:N/S:U/C:L/I:L/A:N,6.5,Medium,N,L,N,N,U,L,L,N,X,X,X
RT-2026-008,CVSS:3.1/AV:N/AC:L/PR:N/UI:N/S:U/C:L/I:N/A:L,6.5,Medium,N,L,N,N,U,L,N,L,X,X,X
RT-2026-009,CVSS:3.1/AV:N/AC:H/PR:N/UI:N/S:U/C:H/I:H/A:N,7.4,High,N,H,N,N,U,H,H,N,X,X,X
