Finding ID,Title,Asset,Asset Class,Source,OWASP Top 10,CVSS Vector,CVSS Base Score,Severity,Temporal Score,Environmental Score,Affected URL,Status,Discovered By,Discovered On,Technical Impact,Business Impact,Remediation,Evidence,References
RT-2026-001,SQL Injection in customer export endpoint,api-gateway.acme.io,API Gateway,API,A03,CVSS:3.1/AV:N/AC:L/PR:L/UI:N/S:U/C:H/I:H/A:H,8.8,High,n/a,n/a,https://api.acme.io/v2/export?start=...,Open,Red Team - Web Facing,2026-08-04,Severity of PII extraction and data integrity destruction in the payments database.,Regulatory exposure under GDPR and PCI DSS; potential brand and revenue impact.,Migrate all queries to parameterized statements; apply strict allow-list validation on all date inputs; add WAF rules and run DAST in CI.,"Boolean-based blind injection returned 200 with row count 1 when payload IF(1=1,...)",https://owasp.org/www-community/attacks/SQL-Injection; CWE-89
RT-2026-002,Broken Object Level Authorization (IDOR) on invoice endpoint,web.acme.io,Web Application,Web Application,A01,CVSS:3.1/AV:N/AC:L/PR:L/UI:N/S:U/C:H/I:N/A:N,6.5,Medium,n/a,n/a,https://web.acme.io/invoice/98765,Open,Red Team - Web Facing,2026-08-05,Unauthorized disclosure of financial records for any account.,Customer data leakage; reputational and legal risk.,Enforce ownership-based authorization checks on every object reference; consider randomized identifiers and signed references.,Sequential ID enumeration returned invoices for 40+ unrelated accounts without authentication errors.,CWE-639; https://owasp.org/Top10/A01_2021-Broken_Access_Control/
RT-2026-003,SSRF via PDF generator allows internal network scanning,core-service.acme.internal,Internal Service,API,A10,CVSS:3.1/AV:N/AC:L/PR:L/UI:N/S:C/C:H/I:L/A:N,7.9,High,n/a,n/a,https://api.acme.io/v2/render?url=...,Open,Red Team - Lateral,2026-08-07,Internal network reconnaissance and access to cloud metadata (IMDS) with temporary credentials.,Lateral movement enabler; potential compromise of internal services and secrets.,"Restrict outbound traffic from generator service, block link-local/metadata ranges, allow-list trusted hosts, and adopt URL schema validation.",Request to http://169.254.169.254/latest/meta-data/ returned IAM role name for the service account.,https://owasp.org/Top10/A10_2021-Server-Side_Request_Forgery_%28SSRF%29/; CWE-918
RT-2026-004,Weak TLS cipher suites on corporate VPN,vpn.acme.io,Network Infrastructure,Network,A02,CVSS:3.1/AV:N/AC:H/PR:N/UI:R/S:U/C:H/I:N/A:N,5.3,Medium,n/a,n/a,https://vpn.acme.io,Open,Red Team - Perimeter,2026-08-02,"Captured VPN handshakes can be downgraded/decrypted, exposing session material.",Credential and session exposure for remote workforce.,"Disable TLS < 1.2, remove export/weak cipher suites (e.g., CBC, RC4, 3DES), enforce certificate pinning policies.",TLS scan reported 14 insecure cipher suites including TLS_RSA_WITH_3DES_EDE_CBC_SHA.,CWE-327; NIST SP 800-52
RT-2026-005,Privileged access via default admin token in developer console,iam.acme.cloud,Cloud Platform,Cloud,A01,CVSS:3.1/AV:N/AC:L/PR:L/UI:N/S:C/C:H/I:H/A:H,9.2,Critical,n/a,n/a,https://iam.acme.cloud/console,Open,Red Team - Cloud,2026-08-08,Full administrative control of identity platform datasets and delegated authentication flows.,Complete compromise of identity and access management; supply-chain risk to all downstream applications.,"Rotate tokens, disable default credentials, enforce MFA + conditional access on the console, and review privileged role assignments.",Documented default token accepted and issued cloud-admin scoped session.,CWE-798; ISO 27001 A.8.2; NIST AC-6
RT-2026-006,Outdated third-party library with known RCE (Apache Log4j core),scheduler.acme.internal,Application Server,Network,A06,CVSS:3.1/AV:N/AC:L/PR:N/UI:N/S:C/C:H/I:H/A:H,10.0,Critical,n/a,n/a,internal://scheduler.acme.internal,Open,Red Team - Lateral,2026-08-09,Unauthenticated remote code execution on the scheduler host.,Ransomware and data-exfiltration staging point on payment path.,Upgrade Log4j to >= 2.17.1 or 3.x; add SCA scanning to CI; inventory all Java runtimes; verify no JNDI sinks remain.,Chained ${jndi:ldap://...} payload triggered outbound LDAP callback from scheduler host.,CVE-2021-44228; GHSA-jfh8-c2jp-5v3q
RT-2026-007,Security events not logged for failed administrative logins,iam.acme.cloud,Cloud Platform,Cloud,A09,CVSS:3.1/AV:N/AC:L/PR:N/UI:N/S:U/C:L/I:L/A:N,6.5,Medium,n/a,n/a,https://iam.acme.cloud/console,Open,Red Team - Detection Evasion,2026-08-10,Brute-force and credential-stuffing campaigns against admin accounts are invisible to security teams.,Delayed detection of account takeover; compliance gaps in audit proof.,"Emit structured audit events for all auth failures, ship them to SIEM, tune alert rules, and test detection scenarios.","1,200 failed admin logins over 72h produced zero alerts and zero events in SIEM search.",CWE-778; NIST AU-6
RT-2026-008,Unused services exposed on public firewall rules,edge-firewall.acme.io,Network Infrastructure,Network,A05,CVSS:3.1/AV:N/AC:L/PR:N/UI:N/S:U/C:L/I:N/A:L,6.5,Medium,n/a,n/a,ftp://edge.acme.io; snmp://edge.acme.io,Open,Red Team - Perimeter,2026-08-03,Expanded attack surface; SNMP default community strings readable.,Unauthorized reconnaissance and abuse of legacy features.,"Apply least functionality: close 21/161, remove admin panel from the internet, and centralize change reviews for firewall rules.",External scan enumerated FTP banner of internal build server (reveals hostname).,CWE-1004; NIST CM-7
RT-2026-009,Missing rate limiting on password reset allows MFA bypass,web.acme.io,Web Application,Web Application,A07,CVSS:3.1/AV:N/AC:H/PR:N/UI:N/S:U/C:H/I:H/A:N,7.4,High,n/a,n/a,https://web.acme.io/reset,Open,Red Team - Web Facing,2026-08-06,Account takeover of any user with a single reset code brute force.,Widespread account compromise; regulatory notification obligations.,"Rate limit reset attempts, use short-lived high-entropy tokens, bind reset to session, require re-authentication for critical actions, and monitor anomalous reset flows.",6-digit code brute-forced within 2 hours using distributed request pattern without trigger of WAF or SIEM rules.,CWE-640; NIST IA-5
