Finding ID,Title,OWASP Top 10,OWASP Category,OWASP Description,NIST Controls,ISO 27001 Controls
RT-2026-001,SQL Injection in customer export endpoint,A03,Injection,"Untrusted data is interpreted as part of a command or query (SQL, NoSQL, OS command, LDAP, expression language) and executed with unintended privileges.","SI-10, SI-11, SC-7, SA-11, SI-16","A.8.26, A.8.27, A.8.28, A.8.29"
RT-2026-002,Broken Object Level Authorization (IDOR) on invoice endpoint,A01,Broken Access Control,"Restrictions are not correctly enforced, enabling users to act outside their intended permissions, access unauthorized functions or data, escalate privileges, or perform forced browsing and IDOR.","AC-2, AC-3, AC-4, AC-6, AC-17, AC-20","A.5.15, A.5.16, A.5.17, A.5.18, A.8.2, A.8.3"
RT-2026-003,SSRF via PDF generator allows internal network scanning,A10,Server-Side Request Forgery (SSRF),"Server-side application fetches a remote resource supplied by the attacker without validation, allowing access to internal services, cloud metadata and internal networks.","SC-7, AC-4, SI-10, SC-20, SC-24","A.8.20, A.8.21, A.8.22, A.8.26, A.8.27, A.8.28"
RT-2026-004,Weak TLS cipher suites on corporate VPN,A02,Cryptographic Failures,"Failures related to cryptography — missing or weak encryption, insecure key management, cleartext transmission or storage of sensitive data and non-compliant use of algorithms.","SC-8, SC-13, SC-28, SC-28(1), CM-6","A.8.24, A.8.28, A.8.10, A.5.33"
RT-2026-005,Privileged access via default admin token in developer console,A01,Broken Access Control,"Restrictions are not correctly enforced, enabling users to act outside their intended permissions, access unauthorized functions or data, escalate privileges, or perform forced browsing and IDOR.","AC-2, AC-3, AC-4, AC-6, AC-17, AC-20","A.5.15, A.5.16, A.5.17, A.5.18, A.8.2, A.8.3"
RT-2026-006,Outdated third-party library with known RCE (Apache Log4j core),A06,Vulnerable and Outdated Components,"Use of components (libraries, runtimes, packages, sub-systems) with known vulnerabilities, end-of-life software, or components not patched to a supported state.","CM-8, CM-11, RA-5, SI-2, SI-7, SI-16, SA-11, SR-3, SR-11","A.8.8, A.8.19, A.5.37, A.8.25"
RT-2026-007,Security events not logged for failed administrative logins,A09,Security Logging and Monitoring Failures,"Insufficient logging, detection, monitoring and active response, enabling attacks to go unnoticed and preventing post-incident forensics.","AU-3, AU-6, AU-9, AU-12, AU-16, SI-4, SI-11, CM-7","A.8.15, A.8.16, A.8.17, A.6.8, A.5.24, A.5.25, A.5.28"
RT-2026-008,Unused services exposed on public firewall rules,A05,Security Misconfiguration,"Insecure defaults, open cloud storage, unnecessary features, default accounts, verbose errors and incomplete hardening of the technology stack.","CM-6, CM-7, CM-8, CM-11, SC-7, SI-2","A.8.8, A.8.9, A.8.19, A.8.20, A.8.21, A.8.22, A.8.32, A.8.31"
RT-2026-009,Missing rate limiting on password reset allows MFA bypass,A07,Identification and Authentication Failures,"Broken authentication, weak password policy, credential stuffing, session fixation, missing MFA and insecure session management.","IA-2, IA-5, IA-8, IA-11, AC-7, AC-8","A.8.5, A.5.16, A.5.17, A.5.18"
